﻿designator,quantity,value,pack,mpn,mount_type
D1,1,LED,LED_D3.0mm,,tht
J1,1,Conn_01x08_Pin - R,PinHeader_1x08_P2.54mm_Vertical,,tht
J2,1,Conn_01x08_Pin - L,PinHeader_1x08_P2.54mm_Vertical,,tht
J3,1,Conn_01x08_Pin - L,TerminalBlock_RND_205-00018_1x08_P5.00mm_Horizontal,,tht
J4,1,Conn_01x08_Pin - R,TerminalBlock_RND_205-00018_1x08_P5.00mm_Horizontal,,tht
J5,1,Conn_01x05_Pin - 5v,PinSocket_1x05_P2.54mm_Vertical,,tht
J6,1,Conn_01x05_Pin - 3.3v,PinSocket_1x05_P2.54mm_Vertical,,tht
J7,1,Conn_01x05_Pin - G,PinSocket_1x05_P2.54mm_Vertical,,tht
R1,1,R,R_Axial_DIN0207_L6.3mm_D2.5mm_P7.62mm_Horizontal,,tht
SW1,1,SW_Push,SW_PUSH_6mm_H5mm,,tht
"U1, U2, U3, U4",4,WeMos_D1_mini,WEMOS_D1_mini_light,,tht
