﻿pos_x,pos_y,rotation,side,designator,mpn,pack,value,mount_type,place
156.725,-30.0,0.0,top,D1,,LED_D3.0mm,LED,tht,True
122.0,-94.515,0.0,top,J1,,PinHeader_1x08_P2.54mm_Vertical,Conn_01x08_Pin - R,tht,True
88.0,-94.515,0.0,top,J2,,PinHeader_1x08_P2.54mm_Vertical,Conn_01x08_Pin - L,tht,True
174.0,-78.5,-90.0,top,J3,,TerminalBlock_RND_205-00018_1x08_P5.00mm_Horizontal,Conn_01x08_Pin - L,tht,True
174.0,-36.5,-90.0,top,J4,,TerminalBlock_RND_205-00018_1x08_P5.00mm_Horizontal,Conn_01x08_Pin - R,tht,True
160.5,-81.3712,0.0,top,J5,,PinSocket_1x05_P2.54mm_Vertical,Conn_01x05_Pin - 5v,tht,True
160.5,-64.6856,0.0,top,J6,,PinSocket_1x05_P2.54mm_Vertical,Conn_01x05_Pin - 3.3v,tht,True
160.5,-48.0,0.0,top,J7,,PinSocket_1x05_P2.54mm_Vertical,Conn_01x05_Pin - G,tht,True
158.0,-35.19,-90.0,top,R1,,R_Axial_DIN0207_L6.3mm_D2.5mm_P7.62mm_Horizontal,R,tht,True
83.0,-85.5,90.0,top,SW1,,SW_PUSH_6mm_H5mm,SW_Push,tht,True
93.5,-94.5,0.0,top,U1,,WEMOS_D1_mini_light,WeMos_D1_mini,tht,True
131.5,-94.5,0.0,top,U2,,WEMOS_D1_mini_light,WeMos_D1_mini,tht,True
93.5,-54.0,0.0,top,U3,,WEMOS_D1_mini_light,WeMos_D1_mini,tht,True
131.5,-54.0,0.0,top,U4,,WEMOS_D1_mini_light,WeMos_D1_mini,tht,True
